iso,country_name,year,house_cost
AUS,Australia,1970,26.1806591825721
AUS,Australia,1971,27.2890934456185
AUS,Australia,1972,28.669252032128
AUS,Australia,1973,31.772034282541
AUS,Australia,1974,33.731077945914
AUS,Australia,1975,31.9268440034147
AUS,Australia,1976,31.2118699953994
AUS,Australia,1977,30.6139476745834
AUS,Australia,1978,29.6854206519904
AUS,Australia,1979,30.6479430907465
AUS,Australia,1980,31.4003678016372
AUS,Australia,1981,33.0949821344314
AUS,Australia,1982,31.0746477237035
AUS,Australia,1983,30.0530795661021
AUS,Australia,1984,31.5049308133956
AUS,Australia,1985,32.5545212454938
AUS,Australia,1986,32.2070543055641
AUS,Australia,1987,31.6055482597009
AUS,Australia,1988,36.190026563751
AUS,Australia,1989,42.4289968235221
AUS,Australia,1990,40.4803995105553
AUS,Australia,1991,40.049502383553
AUS,Australia,1992,39.9235111757291
AUS,Australia,1993,40.1285230277619
AUS,Australia,1994,40.9197171607234
AUS,Australia,1995,40.2986862625773
AUS,Australia,1996,39.8304833013657
AUS,Australia,1997,40.8667677134107
AUS,Australia,1998,43.2653125420614
AUS,Australia,1999,45.8750842692431
AUS,Australia,2000,48.0536691004869
AUS,Australia,2001,51.6504049845276
AUS,Australia,2002,59.7476890580184
AUS,Australia,2003,69.1385385769107
AUS,Australia,2004,72.4167713771917
AUS,Australia,2005,72.1819798374037
AUS,Australia,2006,74.5142978468726
AUS,Australia,2007,79.8483834625628
AUS,Australia,2008,80.367028817776
AUS,Australia,2009,81.5167598556728
AUS,Australia,2010,89.1564498272382
AUS,Australia,2011,85.3348513753187
AUS,Australia,2012,83.1597134483647
AUS,Australia,2013,86.7170164840728
AUS,Australia,2014,92.9259884463329
AUS,Australia,2015,100.0
AUS,Australia,2016,104.633057944494
AUS,Australia,2017,111.981612264131
AUS,Australia,2018,108.662849492062
AUS,Australia,2019,102.545272515912
AUS,Australia,2020,107.186670602898
AUS,Australia,2021,123.744836697142
AUT,Austria,2000,77.9891592372344
AUT,Austria,2001,76.8263726589681
AUT,Austria,2002,76.4830786471519
AUT,Austria,2003,75.5267289641752
AUT,Austria,2004,72.8295257021457
AUT,Austria,2005,74.6549567541422
AUT,Austria,2006,76.1253612426631
AUT,Austria,2007,77.757387440855
AUT,Austria,2008,76.9777613112777
AUT,Austria,2009,79.713384559499
AUT,Austria,2010,85.6853325465636
AUT,Austria,2011,88.2521794819594
AUT,Austria,2012,92.5324944190113
AUT,Austria,2013,95.3254573990346
AUT,Austria,2014,96.7174842476299
AUT,Austria,2015,100.0
AUT,Austria,2016,106.991172458652
AUT,Austria,2017,110.694778598367
AUT,Austria,2018,113.629882273313
AUT,Austria,2019,118.173576980296
AUT,Austria,2020,125.355913020933
AUT,Austria,2021,137.80327211194
AUT,Austria,2022,143.157800837224
BEL,Belgium,1970,37.6995311509569
BEL,Belgium,1971,35.5198849949873
BEL,Belgium,1972,36.578161271009
BEL,Belgium,1973,39.4033998926628
BEL,Belgium,1974,40.1827396280405
BEL,Belgium,1975,41.2678713045039
BEL,Belgium,1976,46.3799224297602
BEL,Belgium,1977,50.3913002434036
BEL,Belgium,1978,53.9908024405672
BEL,Belgium,1979,56.3600297663062
BEL,Belgium,1980,51.3252100415531
BEL,Belgium,1981,45.1866701073667
BEL,Belgium,1982,40.6143662521734
BEL,Belgium,1983,37.3182541967845
BEL,Belgium,1984,36.0588241081533
BEL,Belgium,1985,34.8519788488798
BEL,Belgium,1986,36.3420609342732
BEL,Belgium,1987,38.0360651327495
BEL,Belgium,1988,40.6211599966456
BEL,Belgium,1989,44.5481922023885
BEL,Belgium,1990,47.9603873552924
BEL,Belgium,1991,48.6314272893821
BEL,Belgium,1992,50.9366656380324
BEL,Belgium,1993,52.3110511518591
BEL,Belgium,1994,54.4340423151883
BEL,Belgium,1995,56.0289944952891
BEL,Belgium,1996,56.8853108165923
BEL,Belgium,1997,57.4315306178926
BEL,Belgium,1998,60.3988784051498
BEL,Belgium,1999,64.4453542428516
BEL,Belgium,2000,65.7178957650375
BEL,Belgium,2001,67.3298070547546
BEL,Belgium,2002,70.901667388376
BEL,Belgium,2003,74.6724300718492
BEL,Belgium,2004,79.1742157360992
BEL,Belgium,2005,85.9665074061289
BEL,Belgium,2006,91.8236617741762
BEL,Belgium,2007,96.4009898239462
BEL,Belgium,2008,97.5626795350307
BEL,Belgium,2009,97.9043787662472
BEL,Belgium,2010,99.1093968703575
BEL,Belgium,2011,100.237213562411
BEL,Belgium,2012,100.452974671129
BEL,Belgium,2013,100.561647878899
BEL,Belgium,2014,99.2625434612632
BEL,Belgium,2015,100.0
BEL,Belgium,2016,101.102667907306
BEL,Belgium,2017,102.809960039317
BEL,Belgium,2018,103.677442759881
BEL,Belgium,2019,106.284785767763
BEL,Belgium,2020,109.836876286373
BEL,Belgium,2021,114.872455051398
BEL,Belgium,2022,111.693300534531
CAN,Canada,1970,30.8967627329488
CAN,Canada,1971,31.5227717741813
CAN,Canada,1972,32.5650515742604
CAN,Canada,1973,36.7645437353514
CAN,Canada,1974,42.3006212771116
CAN,Canada,1975,42.3831398266185
CAN,Canada,1976,43.9216821426501
CAN,Canada,1977,42.5145019932563
CAN,Canada,1978,41.1686156400644
CAN,Canada,1979,41.6395404012325
CAN,Canada,1980,42.4377354514675
CAN,Canada,1981,43.507412632586
CAN,Canada,1982,37.5957518011897
CAN,Canada,1983,37.1558511282004
CAN,Canada,1984,35.2807133511705
CAN,Canada,1985,35.7126317434329
CAN,Canada,1986,40.0797495170522
CAN,Canada,1987,45.1337560904964
CAN,Canada,1988,51.2847406053077
CAN,Canada,1989,55.5200581826141
CAN,Canada,1990,51.4768775173627
CAN,Canada,1991,51.3920053914289
CAN,Canada,1992,51.2851257726441
CAN,Canada,1993,51.2539093833968
CAN,Canada,1994,52.2944821841609
CAN,Canada,1995,49.3651573062831
CAN,Canada,1996,48.6137287613429
CAN,Canada,1997,49.1270683378425
CAN,Canada,1998,47.8143292989728
CAN,Canada,1999,48.5366483378147
CAN,Canada,2000,49.5900341281772
CAN,Canada,2001,50.9059293973966
CAN,Canada,2002,53.9140779323126
CAN,Canada,2003,57.4248079760235
CAN,Canada,2004,61.1298320498882
CAN,Canada,2005,64.9530538030303
CAN,Canada,2006,71.8568398119992
CAN,Canada,2007,79.4111462099107
CAN,Canada,2008,81.9275847333339
CAN,Canada,2009,80.1056852477077
CAN,Canada,2010,85.9228297306789
CAN,Canada,2011,88.5839131768076
CAN,Canada,2012,91.4461152586493
CAN,Canada,2013,92.6849361515359
CAN,Canada,2014,95.808944562611
CAN,Canada,2015,100.0
CAN,Canada,2016,109.675916746739
CAN,Canada,2017,121.465558411638
CAN,Canada,2018,124.024796717601
CAN,Canada,2019,123.467906382444
CAN,Canada,2020,130.565914033026
CAN,Canada,2021,145.902001675882
CAN,Canada,2022,153.866974183586
CZE,Czech Republic,2008,107.796218930302
CZE,Czech Republic,2009,102.748062076299
CZE,Czech Republic,2010,100.479709399186
CZE,Czech Republic,2011,98.8135893252972
CZE,Czech Republic,2012,95.3074011392974
CZE,Czech Republic,2013,94.6719116133632
CZE,Czech Republic,2014,96.1765760514463
CZE,Czech Republic,2015,100.0
CZE,Czech Republic,2016,106.708650400437
CZE,Czech Republic,2017,116.504505176677
CZE,Czech Republic,2018,123.404172156536
CZE,Czech Republic,2019,131.009054623607
CZE,Czech Republic,2020,138.071837037801
CZE,Czech Republic,2021,160.642524531315
CZE,Czech Republic,2022,163.333481022935
DNK,Denmark,1970,46.3887551427995
DNK,Denmark,1971,48.8668413693507
DNK,Denmark,1972,52.7600370303644
DNK,Denmark,1973,55.6529589686832
DNK,Denmark,1974,50.6152938937586
DNK,Denmark,1975,53.9350527425537
DNK,Denmark,1976,53.7505505491009
DNK,Denmark,1977,55.639204456439
DNK,Denmark,1978,59.7911390589495
DNK,Denmark,1979,59.9815315723396
DNK,Denmark,1980,53.6839733793085
DNK,Denmark,1981,45.7606137982121
DNK,Denmark,1982,40.5397344121456
DNK,Denmark,1983,46.1074139964965
DNK,Denmark,1984,49.7929768878846
DNK,Denmark,1985,56.1946002798505
DNK,Denmark,1986,62.245988140366
DNK,Denmark,1987,55.1475017068103
DNK,Denmark,1988,53.5714266135111
DNK,Denmark,1989,50.7508109592391
DNK,Denmark,1990,46.1593851277052
DNK,Denmark,1991,45.4754246698899
DNK,Denmark,1992,44.2114949787837
DNK,Denmark,1993,43.3178565594508
DNK,Denmark,1994,47.400430521819
DNK,Denmark,1995,50.067981919373
DNK,Denmark,1996,54.4944134757754
DNK,Denmark,1997,59.6756559445362
DNK,Denmark,1998,64.0738628467878
DNK,Denmark,1999,67.1240141871853
DNK,Denmark,2000,69.5424588085199
DNK,Denmark,2001,71.9236831085341
DNK,Denmark,2002,73.1672496645725
DNK,Denmark,2003,75.8976690663123
DNK,Denmark,2004,83.2266940032666
DNK,Denmark,2005,98.2078129422159
DNK,Denmark,2006,119.23143859816
DNK,Denmark,2007,120.35856282815
DNK,Denmark,2008,110.930491532607
DNK,Denmark,2009,96.3972049625673
DNK,Denmark,2010,96.7119315452248
DNK,Denmark,2011,92.8779681178245
DNK,Denmark,2012,88.3194274220411
DNK,Denmark,2013,90.9927339821647
DNK,Denmark,2014,93.8620289008839
DNK,Denmark,2015,100.0
DNK,Denmark,2016,104.600919776493
DNK,Denmark,2017,108.134741753561
DNK,Denmark,2018,112.530057821265
DNK,Denmark,2019,114.456642709393
DNK,Denmark,2020,119.875283521057
DNK,Denmark,2021,131.268195272305
DNK,Denmark,2022,121.638851597003
FIN,Finland,1970,58.5968728437933
FIN,Finland,1971,57.152652400592
FIN,Finland,1972,57.6155943867631
FIN,Finland,1973,64.799952255175
FIN,Finland,1974,65.341496075679
FIN,Finland,1975,58.6345569210009
FIN,Finland,1976,55.1652946476788
FIN,Finland,1977,51.1108778761563
FIN,Finland,1978,48.8318471617206
FIN,Finland,1979,48.0901368721538
FIN,Finland,1980,49.3212626607537
FIN,Finland,1981,50.8944149844403
FIN,Finland,1982,55.1534751540303
FIN,Finland,1983,61.2638531777022
FIN,Finland,1984,64.1775323366621
FIN,Finland,1985,63.4538022639606
FIN,Finland,1986,63.1377873686393
FIN,Finland,1987,67.3664883897453
FIN,Finland,1988,86.0579416840975
FIN,Finland,1989,102.182648536715
FIN,Finland,1990,92.6800875237448
FIN,Finland,1991,78.0148334927899
FIN,Finland,1992,64.4959059148847
FIN,Finland,1993,55.9100489726552
FIN,Finland,1994,57.8040912075561
FIN,Finland,1995,56.5389763431415
FIN,Finland,1996,59.3141014938774
FIN,Finland,1997,67.378111122694
FIN,Finland,1998,72.1560274461065
FIN,Finland,1999,76.1560742888078
FIN,Finland,2000,76.8053145103811
FIN,Finland,2001,73.717048187737
FIN,Finland,2002,76.8764861550064
FIN,Finland,2003,80.9449739905218
FIN,Finland,2004,87.3053773921175
FIN,Finland,2005,93.2256867277207
FIN,Finland,2006,98.3509244571056
FIN,Finland,2007,102.183380940452
FIN,Finland,2008,99.6227337527642
FIN,Finland,2009,99.1695775179633
FIN,Finland,2010,103.942973099935
FIN,Finland,2011,103.806811465293
FIN,Finland,2012,103.386225739615
FIN,Finland,2013,102.105563125469
FIN,Finland,2014,100.45681864087
FIN,Finland,2015,100.0
FIN,Finland,2016,101.079823897632
FIN,Finland,2017,101.140501052899
FIN,Finland,2018,100.777021033199
FIN,Finland,2019,100.209227697682
FIN,Finland,2020,101.619735552621
FIN,Finland,2021,104.449864676189
FIN,Finland,2022,99.6911324417348
FRA,France,1970,41.8938856236654
FRA,France,1971,40.3750557901867
FRA,France,1972,42.8853223212761
FRA,France,1973,44.4213698975985
FRA,France,1974,45.8771479237238
FRA,France,1975,45.4274921043068
FRA,France,1976,47.6036207284175
FRA,France,1977,49.7794769638092
FRA,France,1978,50.6171520733926
FRA,France,1979,51.8981569236314
FRA,France,1980,55.152402709407
FRA,France,1981,54.9169951164464
FRA,France,1982,51.6272304178146
FRA,France,1983,48.6665587960616
FRA,France,1984,45.9441403674368
FRA,France,1985,45.9578762753223
FRA,France,1986,48.2068491575819
FRA,France,1987,51.4809987517156
FRA,France,1988,55.0361269993857
FRA,France,1989,57.5969784425313
FRA,France,1990,60.1709203837622
FRA,France,1991,60.5843451532222
FRA,France,1992,57.9298489821452
FRA,France,1993,56.5726219977921
FRA,France,1994,55.8921849158311
FRA,France,1995,53.1797468405479
FRA,France,1996,51.8322820834197
FRA,France,1997,51.2148253669095
FRA,France,1998,52.111586472021
FRA,France,1999,55.9899638534668
FRA,France,2000,59.5330794823315
FRA,France,2001,62.9909053944387
FRA,France,2002,67.8563626448633
FRA,France,2003,74.6543951245361
FRA,France,2004,84.0742838682553
FRA,France,2005,95.3285698128444
FRA,France,2006,104.554936806124
FRA,France,2007,109.074860808343
FRA,France,2008,107.137612286055
FRA,France,2009,101.015407379383
FRA,France,2010,105.012861684444
FRA,France,2011,109.242472759479
FRA,France,2012,107.13336353492
FRA,France,2013,104.210797288165
FRA,France,2014,102.211573338162
FRA,France,2015,100.0
FRA,France,2016,100.676889631819
FRA,France,2017,102.886897052733
FRA,France,2018,104.274346543679
FRA,France,2019,106.805356409645
FRA,France,2020,111.583369502138
FRA,France,2021,117.321468948709
FRA,France,2022,119.137401828703
DEU,Germany,1970,102.21397487375
DEU,Germany,1971,106.247354844884
DEU,Germany,1972,108.082936856617
DEU,Germany,1973,107.610859077177
DEU,Germany,1974,106.805779768589
DEU,Germany,1975,103.218685665025
DEU,Germany,1976,101.657675259035
DEU,Germany,1977,104.479074438342
DEU,Germany,1978,109.912878183874
DEU,Germany,1979,113.111494759906
DEU,Germany,1980,113.971581045873
DEU,Germany,1981,114.853579919319
DEU,Germany,1982,110.434587450788
DEU,Germany,1983,107.346838578384
DEU,Germany,1984,102.442051315908
DEU,Germany,1985,99.8010124140206
DEU,Germany,1986,101.129970046869
DEU,Germany,1987,100.41025168768
DEU,Germany,1988,100.277881295203
DEU,Germany,1989,99.6507733674776
DEU,Germany,1990,104.389051865974
DEU,Germany,1991,105.993839723881
DEU,Germany,1992,107.17902902274
DEU,Germany,1993,108.045485441372
DEU,Germany,1994,110.111383470129
DEU,Germany,1995,110.263266616066
DEU,Germany,1996,108.078165082857
DEU,Germany,1997,105.003337758597
DEU,Germany,1998,103.762466804519
DEU,Germany,1999,103.224834133005
DEU,Germany,2000,102.74451898688
DEU,Germany,2001,100.706416471904
DEU,Germany,2002,98.1286581175428
DEU,Germany,2003,97.0739317466445
DEU,Germany,2004,94.5209115670831
DEU,Germany,2005,94.6674121201582
DEU,Germany,2006,93.0985864111891
DEU,Germany,2007,89.4328550263138
DEU,Germany,2008,88.904307144428
DEU,Germany,2009,89.5683089766906
DEU,Germany,2010,89.0181926755532
DEU,Germany,2011,90.5188325418716
DEU,Germany,2012,92.3438339986255
DEU,Germany,2013,93.9501624606027
DEU,Germany,2014,96.0259677246673
DEU,Germany,2015,100.0
DEU,Germany,2016,106.771129993073
DEU,Germany,2017,111.619782614964
DEU,Germany,2018,117.301822213404
DEU,Germany,2019,122.47552332496
DEU,Germany,2020,131.202373640575
DEU,Germany,2021,142.215611238461
DEU,Germany,2022,140.518962968646
GRC,Greece,1997,81.469126594645
GRC,Greece,1998,94.9455180447485
GRC,Greece,1999,99.0750930366488
GRC,Greece,2000,109.679934974886
GRC,Greece,2001,123.524730534132
GRC,Greece,2002,137.598213295455
GRC,Greece,2003,141.477745832525
GRC,Greece,2004,140.106673400793
GRC,Greece,2005,150.87569805375
GRC,Greece,2006,165.504474678647
GRC,Greece,2007,169.237500325558
GRC,Greece,2008,164.920393313612
GRC,Greece,2009,157.279231750844
GRC,Greece,2010,150.513757102539
GRC,Greece,2011,138.201773834052
GRC,Greece,2012,120.917680236128
GRC,Greece,2013,109.670500385994
GRC,Greece,2014,103.980755617001
GRC,Greece,2015,100.0
GRC,Greece,2016,98.5050717481487
GRC,Greece,2017,97.1515733749344
GRC,Greece,2018,98.7979316151295
GRC,Greece,2019,105.891302567685
GRC,Greece,2020,111.857689525101
GRC,Greece,2021,119.094583040668
GRC,Greece,2022,124.088028171095
HUN,Hungary,2007,127.572004710723
HUN,Hungary,2008,123.503504124266
HUN,Hungary,2009,112.310814261367
HUN,Hungary,2010,106.036372820663
HUN,Hungary,2011,99.0709453646791
HUN,Hungary,2012,90.271579614216
HUN,Hungary,2013,86.4578626502669
HUN,Hungary,2014,88.9046804329019
HUN,Hungary,2015,100.0
HUN,Hungary,2016,112.261890149558
HUN,Hungary,2017,121.939254890893
HUN,Hungary,2018,134.924993554458
HUN,Hungary,2019,150.935725437796
HUN,Hungary,2020,153.2683501258
HUN,Hungary,2021,167.909530840234
HUN,Hungary,2022,174.925378242485
ISL,Iceland,2001,73.9745940069805
ISL,Iceland,2002,73.5438497309721
ISL,Iceland,2003,81.2552552026821
ISL,Iceland,2004,86.8327381940373
ISL,Iceland,2005,110.119993805714
ISL,Iceland,2006,119.942292268503
ISL,Iceland,2007,125.243103978269
ISL,Iceland,2008,116.215020785232
ISL,Iceland,2009,90.7538324713399
ISL,Iceland,2010,84.6336270033363
ISL,Iceland,2011,85.4302493531728
ISL,Iceland,2012,86.2897017619927
ISL,Iceland,2013,88.0020540143439
ISL,Iceland,2014,93.0712668516052
ISL,Iceland,2015,100.0
ISL,Iceland,2016,108.688292598173
ISL,Iceland,2017,131.14881404005
ISL,Iceland,2018,137.725482662636
ISL,Iceland,2019,137.830687418797
ISL,Iceland,2020,141.784906004933
ISL,Iceland,2021,153.584409983162
ISL,Iceland,2022,173.432771551149
IRL,Ireland,1970,32.5931139437634
IRL,Ireland,1971,33.4324278374574
IRL,Ireland,1972,33.489449234843
IRL,Ireland,1973,32.5447793336646
IRL,Ireland,1974,34.0532846508051
IRL,Ireland,1975,35.3014360993984
IRL,Ireland,1976,35.1363900567727
IRL,Ireland,1977,36.7240750070375
IRL,Ireland,1978,45.5033298570645
IRL,Ireland,1979,49.4647797058061
IRL,Ireland,1980,46.8451451045587
IRL,Ireland,1981,47.4663233193688
IRL,Ireland,1982,44.3265301143733
IRL,Ireland,1983,43.6697658776637
IRL,Ireland,1984,42.4690051336138
IRL,Ireland,1985,40.9109233901013
IRL,Ireland,1986,40.23085806661
IRL,Ireland,1987,38.8864903214918
IRL,Ireland,1988,40.795168885283
IRL,Ireland,1989,42.3384566352285
IRL,Ireland,1990,47.2281364028884
IRL,Ireland,1991,47.2951191699015
IRL,Ireland,1992,46.8093427335489
IRL,Ireland,1993,46.7625228940715
IRL,Ireland,1994,47.7117037094028
IRL,Ireland,1995,49.342354270382
IRL,Ireland,1996,51.789780803685
IRL,Ireland,1997,57.890305309502
IRL,Ireland,1998,69.1139779884432
IRL,Ireland,1999,81.6702933570124
IRL,Ireland,2000,93.9791004890047
IRL,Ireland,2001,101.961230546858
IRL,Ireland,2002,104.309097910412
IRL,Ireland,2003,115.476576413637
IRL,Ireland,2004,126.51097879249
IRL,Ireland,2005,135.194541001818
IRL,Ireland,2006,151.058569177028
IRL,Ireland,2007,157.359360209869
IRL,Ireland,2008,145.393942477473
IRL,Ireland,2009,126.93950969571
IRL,Ireland,2010,111.277501421685
IRL,Ireland,2011,91.2756133215099
IRL,Ireland,2012,78.1919782329937
IRL,Ireland,2013,78.4210704885683
IRL,Ireland,2014,90.4907879952746
IRL,Ireland,2015,100.0
IRL,Ireland,2016,106.770586581891
IRL,Ireland,2017,116.613978131429
IRL,Ireland,2018,126.285331084396
IRL,Ireland,2019,126.904107697995
IRL,Ireland,2020,126.306296121844
IRL,Ireland,2021,131.655430219393
IRL,Ireland,2022,138.290807619304
ITA,Italy,1970,61.4353077805077
ITA,Italy,1971,61.6131688895137
ITA,Italy,1972,61.0451215317425
ITA,Italy,1973,60.4099481336213
ITA,Italy,1974,84.5679738790899
ITA,Italy,1975,80.9065910783402
ITA,Italy,1976,85.0747718952834
ITA,Italy,1977,85.0480972248886
ITA,Italy,1978,86.6036520804555
ITA,Italy,1979,91.9799445130754
ITA,Italy,1980,94.1866534056453
ITA,Italy,1981,109.784866974854
ITA,Italy,1982,105.823249897795
ITA,Italy,1983,94.9013487432279
ITA,Italy,1984,84.273798221637
ITA,Italy,1985,75.6326692976825
ITA,Italy,1986,73.6597360256861
ITA,Italy,1987,75.9533977378535
ITA,Italy,1988,79.5368415310641
ITA,Italy,1989,98.1985305338885
ITA,Italy,1990,112.142000945111
ITA,Italy,1991,116.601968170899
ITA,Italy,1992,117.743217973709
ITA,Italy,1993,112.038860545159
ITA,Italy,1994,103.576029737034
ITA,Italy,1995,98.3924891347896
ITA,Italy,1996,91.3951349500482
ITA,Italy,1997,85.479670460454
ITA,Italy,1998,85.6401124177364
ITA,Italy,1999,88.9319620173888
ITA,Italy,2000,93.3841981627267
ITA,Italy,2001,98.5223619401276
ITA,Italy,2002,104.877169363968
ITA,Italy,2003,112.228312731312
ITA,Italy,2004,120.445840527731
ITA,Italy,2005,126.998275664187
ITA,Italy,2006,131.633666985906
ITA,Italy,2007,135.388888939573
ITA,Italy,2008,133.40970250518
ITA,Italy,2009,129.239544380115
ITA,Italy,2010,126.63215231266
ITA,Italy,2011,124.705965319929
ITA,Italy,2012,118.426473534531
ITA,Italy,2013,109.536704694727
ITA,Italy,2014,104.109596550955
ITA,Italy,2015,100.0
ITA,Italy,2016,100.141861360887
ITA,Italy,2017,98.0190085359625
ITA,Italy,2018,96.5568734176152
ITA,Italy,2019,95.891458774116
ITA,Italy,2020,97.6013031624504
ITA,Italy,2021,98.5998726793006
ITA,Italy,2022,95.3599315261298
JPN,Japan,1960,30.2269147836889
JPN,Japan,1961,39.1572603635568
JPN,Japan,1962,44.2581313396814
JPN,Japan,1963,46.9263531557865
JPN,Japan,1964,51.5132409224708
JPN,Japan,1965,53.5867668112246
JPN,Japan,1966,54.8198825494516
JPN,Japan,1967,59.7038079871209
JPN,Japan,1968,66.8289956266999
JPN,Japan,1969,77.720250534816
JPN,Japan,1970,87.5037128343454
JPN,Japan,1971,95.1761869233169
JPN,Japan,1972,105.428098204804
JPN,Japan,1973,126.124290275969
JPN,Japan,1974,118.787100106849
JPN,Japan,1975,102.199789024857
JPN,Japan,1976,95.3100106103287
JPN,Japan,1977,92.4812427671203
JPN,Japan,1978,93.3480372513608
JPN,Japan,1979,98.6087741271411
JPN,Japan,1980,103.75819322534
JPN,Japan,1981,110.120925209636
JPN,Japan,1982,115.706677280164
JPN,Japan,1983,118.99148567744
JPN,Japan,1984,120.229478991956
JPN,Japan,1985,121.299260106881
JPN,Japan,1986,123.956947379842
JPN,Japan,1987,132.846924349173
JPN,Japan,1988,140.028375937015
JPN,Japan,1989,147.923167374102
JPN,Japan,1990,163.862082811524
JPN,Japan,1991,166.30436878961
JPN,Japan,1992,157.228025916369
JPN,Japan,1993,148.93889437311
JPN,Japan,1994,144.714550133453
JPN,Japan,1995,142.879413276884
JPN,Japan,1996,140.050254747343
JPN,Japan,1997,136.411106966126
JPN,Japan,1998,133.985298990122
JPN,Japan,1999,130.559518205338
JPN,Japan,2000,126.835006434234
JPN,Japan,2001,122.881225966473
JPN,Japan,2002,118.048565367632
JPN,Japan,2003,111.8908299295
JPN,Japan,2004,105.687798330635
JPN,Japan,2005,101.347011635575
JPN,Japan,2006,98.3437151592424
JPN,Japan,2007,97.6942445488722
JPN,Japan,2008,97.5193218276042
JPN,Japan,2009,93.8499784846497
JPN,Japan,2010,96.6404478141066
JPN,Japan,2011,97.1746464106847
JPN,Japan,2012,96.9106442068469
JPN,Japan,2013,98.6555118320568
JPN,Japan,2014,98.1987969485477
JPN,Japan,2015,100.0
JPN,Japan,2016,102.559313787396
JPN,Japan,2017,104.761480676766
JPN,Japan,2018,106.055009547916
JPN,Japan,2019,107.2582806018
JPN,Japan,2020,106.993390796881
JPN,Japan,2021,112.716852966843
JPN,Japan,2022,118.828752919452
KOR,South Korea,1986,128.390732167942
KOR,South Korea,1987,124.214750058592
KOR,South Korea,1988,136.006551929348
KOR,South Korea,1989,146.272488885258
KOR,South Korea,1990,157.068653256718
KOR,South Korea,1991,156.241172478173
KOR,South Korea,1992,134.807985297905
KOR,South Korea,1993,122.114344450751
KOR,South Korea,1994,109.609734843849
KOR,South Korea,1995,102.914286227568
KOR,South Korea,1996,96.9941275389656
KOR,South Korea,1997,93.9807236300555
KOR,South Korea,1998,80.437580719557
KOR,South Korea,1999,77.318433853033
KOR,South Korea,2000,75.4075225860662
KOR,South Korea,2001,75.1641004575615
KOR,South Korea,2002,84.9945539015398
KOR,South Korea,2003,89.7773944014928
KOR,South Korea,2004,87.6813703108546
KOR,South Korea,2005,86.7526984480349
KOR,South Korea,2006,91.195938735036
KOR,South Korea,2007,98.5045637762118
KOR,South Korea,2008,101.065853967457
KOR,South Korea,2009,99.5145604825969
KOR,South Korea,2010,99.1288981935532
KOR,South Korea,2011,100.395061143374
KOR,South Korea,2012,99.5179518305663
KOR,South Korea,2013,97.5408579692402
KOR,South Korea,2014,98.137325604318
KOR,South Korea,2015,100.0
KOR,South Korea,2016,100.513713196937
KOR,South Korea,2017,100.005492697488
KOR,South Korea,2018,100.159147533017
KOR,South Korea,2019,99.3215121899518
KOR,South Korea,2020,101.554641556848
KOR,South Korea,2021,107.765829877691
KOR,South Korea,2022,105.428017432056
LUX,Luxembourg,2007,84.0290034436974
LUX,Luxembourg,2008,84.2043018474417
LUX,Luxembourg,2009,84.1394349657535
LUX,Luxembourg,2010,86.9201208666138
LUX,Luxembourg,2011,87.5316167800905
LUX,Luxembourg,2012,89.2894023487924
LUX,Luxembourg,2013,92.3122801761708
LUX,Luxembourg,2014,95.6949857925479
LUX,Luxembourg,2015,100.0
LUX,Luxembourg,2016,105.218726107115
LUX,Luxembourg,2017,108.719490586153
LUX,Luxembourg,2018,114.264441945225
LUX,Luxembourg,2019,123.715019878134
LUX,Luxembourg,2020,140.004252759227
LUX,Luxembourg,2021,157.392247385479
LUX,Luxembourg,2022,163.311239544543
MEX,Mexico,2005,90.9162959739768
MEX,Mexico,2006,93.8179745804885
MEX,Mexico,2007,94.3211461950314
MEX,Mexico,2008,93.5602618518092
MEX,Mexico,2009,94.2997118917175
MEX,Mexico,2010,90.8344708777524
MEX,Mexico,2011,92.8492762449441
MEX,Mexico,2012,91.3718383932423
MEX,Mexico,2013,93.8912017884524
MEX,Mexico,2014,93.2411706257051
MEX,Mexico,2015,100.0
MEX,Mexico,2016,101.640809522108
MEX,Mexico,2017,103.71480060152
MEX,Mexico,2018,108.127418591606
MEX,Mexico,2019,113.829123522379
MEX,Mexico,2020,114.871334705996
MEX,Mexico,2021,117.647571027591
MEX,Mexico,2022,118.343516145395
NLD,Netherlands,1970,41.3158691885204
NLD,Netherlands,1971,43.0767560306498
NLD,Netherlands,1972,43.8607338600772
NLD,Netherlands,1973,45.4375415421003
NLD,Netherlands,1974,46.3030456202585
NLD,Netherlands,1975,47.3861316485078
NLD,Netherlands,1976,56.827018496896
NLD,Netherlands,1977,74.2355618751688
NLD,Netherlands,1978,77.2885338288598
NLD,Netherlands,1979,69.9247380267574
NLD,Netherlands,1980,60.0466209695801
NLD,Netherlands,1981,50.7636364121454
NLD,Netherlands,1982,42.9643490613237
NLD,Netherlands,1983,42.501559480569
NLD,Netherlands,1984,41.3246781200373
NLD,Netherlands,1985,40.4029640866294
NLD,Netherlands,1986,42.2423094170924
NLD,Netherlands,1987,44.1001374154763
NLD,Netherlands,1988,45.3986142830305
NLD,Netherlands,1989,47.6106154783039
NLD,Netherlands,1990,47.8960684260084
NLD,Netherlands,1991,47.4222450489869
NLD,Netherlands,1992,49.853148196097
NLD,Netherlands,1993,52.8092186920424
NLD,Netherlands,1994,57.8419931535142
NLD,Netherlands,1995,60.7259721133465
NLD,Netherlands,1996,66.0134024400075
NLD,Netherlands,1997,72.258438395753
NLD,Netherlands,1998,78.6816544362344
NLD,Netherlands,1999,89.9062566453657
NLD,Netherlands,2000,103.191912867293
NLD,Netherlands,2001,111.070880880864
NLD,Netherlands,2002,114.330624145473
NLD,Netherlands,2003,115.756505572833
NLD,Netherlands,2004,119.096981574808
NLD,Netherlands,2005,121.431437941137
NLD,Netherlands,2006,123.254689170171
NLD,Netherlands,2007,126.625166061542
NLD,Netherlands,2008,126.768778204364
NLD,Netherlands,2009,122.95875024871
NLD,Netherlands,2010,118.887058718482
NLD,Netherlands,2011,114.112112989124
NLD,Netherlands,2012,105.099052634328
NLD,Netherlands,2013,96.7754920211877
NLD,Netherlands,2014,96.7180170573421
NLD,Netherlands,2015,100.0
NLD,Netherlands,2016,104.446448643577
NLD,Netherlands,2017,110.795125373428
NLD,Netherlands,2018,118.658579299761
NLD,Netherlands,2019,124.077072374929
NLD,Netherlands,2020,131.81386748679
NLD,Netherlands,2021,147.136384858512
NLD,Netherlands,2022,156.405749265692
NZL,New Zealand,1970,25.4157443334317
NZL,New Zealand,1971,24.7284706811387
NZL,New Zealand,1972,26.6646421893778
NZL,New Zealand,1973,31.6371725261683
NZL,New Zealand,1974,40.4977179579038
NZL,New Zealand,1975,38.5209649598998
NZL,New Zealand,1976,34.6164291400743
NZL,New Zealand,1977,31.8627629953487
NZL,New Zealand,1978,29.3617292969623
NZL,New Zealand,1979,26.4101516395893
NZL,New Zealand,1980,24.4212693423456
NZL,New Zealand,1981,26.0521146214424
NZL,New Zealand,1982,29.5815481740552
NZL,New Zealand,1983,30.8092003520842
NZL,New Zealand,1984,31.8660350810177
NZL,New Zealand,1985,31.1808631935702
NZL,New Zealand,1986,30.6961636849716
NZL,New Zealand,1987,32.3474848474979
NZL,New Zealand,1988,34.6507289019864
NZL,New Zealand,1989,34.8543670994058
NZL,New Zealand,1990,34.9008716067884
NZL,New Zealand,1991,33.3012846898812
NZL,New Zealand,1992,33.0270935109976
NZL,New Zealand,1993,34.1565470646613
NZL,New Zealand,1994,38.4430343809202
NZL,New Zealand,1995,41.1659597404257
NZL,New Zealand,1996,44.4033434668826
NZL,New Zealand,1997,46.5270900231785
NZL,New Zealand,1998,44.9826857250877
NZL,New Zealand,1999,45.6294614505927
NZL,New Zealand,2000,44.5210622613653
NZL,New Zealand,2001,44.4289202701166
NZL,New Zealand,2002,48.1140385198371
NZL,New Zealand,2003,57.2397045471515
NZL,New Zealand,2004,66.583205899686
NZL,New Zealand,2005,74.5645797444741
NZL,New Zealand,2006,79.7401332748719
NZL,New Zealand,2007,87.0089405242963
NZL,New Zealand,2008,80.2134504363335
NZL,New Zealand,2009,76.8866477003632
NZL,New Zealand,2010,77.4170712539039
NZL,New Zealand,2011,75.7777031210462
NZL,New Zealand,2012,78.5596731483185
NZL,New Zealand,2013,84.930134276337
NZL,New Zealand,2014,89.6517298466568
NZL,New Zealand,2015,100.0
NZL,New Zealand,2016,113.437554279857
NZL,New Zealand,2017,118.94493320064
NZL,New Zealand,2018,121.636084100813
NZL,New Zealand,2019,123.482120706846
NZL,New Zealand,2020,133.87350778545
NZL,New Zealand,2021,164.283729404278
NZL,New Zealand,2022,155.923936671084
NOR,Norway,1970,31.5984705678952
NOR,Norway,1971,30.7421649137198
NOR,Norway,1972,30.3028512444254
NOR,Norway,1973,30.7749134656809
NOR,Norway,1974,32.4531969343218
NOR,Norway,1975,32.651283976661
NOR,Norway,1976,32.8447639754924
NOR,Norway,1977,33.3323043447441
NOR,Norway,1978,32.3099827551976
NOR,Norway,1979,31.8959772984664
NOR,Norway,1980,32.1199096472856
NOR,Norway,1981,31.2978428391719
NOR,Norway,1982,30.7184913251656
NOR,Norway,1983,30.297511558825
NOR,Norway,1984,32.5753596842773
NOR,Norway,1985,37.1622895119674
NOR,Norway,1986,45.5337870524833
NOR,Norway,1987,45.2285283276649
NOR,Norway,1988,44.3316917284631
NOR,Norway,1989,39.5699677035529
NOR,Norway,1990,35.081070248896
NOR,Norway,1991,31.7461813272494
NOR,Norway,1992,29.4820556164215
NOR,Norway,1993,29.032417734463
NOR,Norway,1994,32.5427240221892
NOR,Norway,1995,34.1369018316829
NOR,Norway,1996,36.7458042260381
NOR,Norway,1997,40.1727145184463
NOR,Norway,1998,43.5373525601994
NOR,Norway,1999,47.422571561029
NOR,Norway,2000,53.441740768324
NOR,Norway,2001,55.9020848762025
NOR,Norway,2002,57.8943114565806
NOR,Norway,2003,57.2276816674453
NOR,Norway,2004,62.3115196035736
NOR,Norway,2005,66.6921120966413
NOR,Norway,2006,74.457881873434
NOR,Norway,2007,82.7736538517599
NOR,Norway,2008,79.166000958466
NOR,Norway,2009,78.6913474917685
NOR,Norway,2010,83.4282683131875
NOR,Norway,2011,89.1198783137672
NOR,Norway,2012,94.1784943915051
NOR,Norway,2013,96.017960676218
NOR,Norway,2014,96.446765397186
NOR,Norway,2015,100.0
NOR,Norway,2016,103.826493231527
NOR,Norway,2017,106.895324738035
NOR,Norway,2018,105.937465532992
NOR,Norway,2019,106.123643712346
NOR,Norway,2020,108.945698223874
NOR,Norway,2021,116.932633651226
NOR,Norway,2022,117.822704370456
POL,Poland,2005,68.2618360218872
POL,Poland,2006,91.8494766341104
POL,Poland,2007,133.694765782968
POL,Poland,2008,127.580467697834
POL,Poland,2009,120.790874929406
POL,Poland,2010,113.565364518776
POL,Poland,2011,108.541088419855
POL,Poland,2012,101.463468262917
POL,Poland,2013,96.6302069372841
POL,Poland,2014,97.9935220204538
POL,Poland,2015,100.0
POL,Poland,2016,102.559623375519
POL,Poland,2017,104.5445643384
POL,Poland,2018,109.790691237445
POL,Poland,2019,116.699684815565
POL,Poland,2020,124.674608367373
POL,Poland,2021,129.116136356907
POL,Poland,2022,126.216883979341
PRT,Portugal,1988,115.760231090031
PRT,Portugal,1989,121.239414771763
PRT,Portugal,1990,125.004738111854
PRT,Portugal,1991,133.453956935499
PRT,Portugal,1992,137.462783879976
PRT,Portugal,1993,130.245547913704
PRT,Portugal,1994,126.105721620194
PRT,Portugal,1995,122.808412156604
PRT,Portugal,1996,121.347022857824
PRT,Portugal,1997,122.040083159259
PRT,Portugal,1998,124.422855126887
PRT,Portugal,1999,132.300982800138
PRT,Portugal,2000,137.419367293047
PRT,Portugal,2001,139.553036879011
PRT,Portugal,2002,135.699448176452
PRT,Portugal,2003,132.421251273569
PRT,Portugal,2004,130.225218481786
PRT,Portugal,2005,128.254133269487
PRT,Portugal,2006,126.492142395941
PRT,Portugal,2007,122.927326239396
PRT,Portugal,2008,112.032590138249
PRT,Portugal,2009,114.481563917921
PRT,Portugal,2010,113.282932537879
PRT,Portugal,2011,105.915589810876
PRT,Portugal,2012,96.6691947374495
PRT,Portugal,2013,94.1182099158444
PRT,Portugal,2014,97.8953483163615
PRT,Portugal,2015,100.0
PRT,Portugal,2016,106.061333789587
PRT,Portugal,2017,114.071217664987
PRT,Portugal,2018,123.862450364639
PRT,Portugal,2019,135.057485868805
PRT,Portugal,2020,146.037797907984
PRT,Portugal,2021,157.633245109754
PRT,Portugal,2022,166.98802491589
SVK,Slovakia,2005,80.3433908131352
SVK,Slovakia,2006,89.4439681748717
SVK,Slovakia,2007,112.369417973085
SVK,Slovakia,2008,126.857179075488
SVK,Slovakia,2009,110.628522792169
SVK,Slovakia,2010,105.149842047414
SVK,Slovakia,2011,99.7296124077203
SVK,Slovakia,2012,93.7535647280344
SVK,Slovakia,2013,93.3939133671784
SVK,Slovakia,2014,94.8183699831528
SVK,Slovakia,2015,100.0
SVK,Slovakia,2016,106.985056599419
SVK,Slovakia,2017,111.81213116169
SVK,Slovakia,2018,117.314239936695
SVK,Slovakia,2019,124.601514860115
SVK,Slovakia,2020,133.555174395764
SVK,Slovakia,2021,137.74208928396
SVK,Slovakia,2022,139.632439330831
ESP,Spain,1971,35.1406363816363
ESP,Spain,1972,34.5808721559045
ESP,Spain,1973,37.7081930621541
ESP,Spain,1974,43.6982593719147
ESP,Spain,1975,40.8746044354206
ESP,Spain,1976,40.9199799420149
ESP,Spain,1977,45.2020013384761
ESP,Spain,1978,50.3900011262202
ESP,Spain,1979,45.6664093455542
ESP,Spain,1980,41.3227949731074
ESP,Spain,1981,38.4796570597183
ESP,Spain,1982,34.7104908663998
ESP,Spain,1983,36.8837239773031
ESP,Spain,1984,35.8874255435868
ESP,Spain,1985,36.5213768767823
ESP,Spain,1986,38.4776495477011
ESP,Spain,1987,51.3401213949103
ESP,Spain,1988,62.0410365200439
ESP,Spain,1989,71.8404510349921
ESP,Spain,1990,77.9261956900176
ESP,Spain,1991,83.4017344861993
ESP,Spain,1992,77.7490375500622
ESP,Spain,1993,73.6056794371445
ESP,Spain,1994,71.2528743468733
ESP,Spain,1995,70.3406176083666
ESP,Spain,1996,70.1785068028933
ESP,Spain,1997,71.1958585759199
ESP,Spain,1998,73.4419769934977
ESP,Spain,1999,76.9296952129965
ESP,Spain,2000,79.4047206597593
ESP,Spain,2001,83.9527130662085
ESP,Spain,2002,95.5899414471291
ESP,Spain,2003,111.112611573001
ESP,Spain,2004,127.02285661336
ESP,Spain,2005,140.884050266201
ESP,Spain,2006,154.591496422024
ESP,Spain,2007,164.24595308712
ESP,Spain,2008,156.297610954007
ESP,Spain,2009,147.370345310491
ESP,Spain,2010,141.963982893844
ESP,Spain,2011,128.101543063778
ESP,Spain,2012,106.99437675371
ESP,Spain,2013,96.2792065345476
ESP,Spain,2014,96.4547822712247
ESP,Spain,2015,100.0
ESP,Spain,2016,104.450185623011
ESP,Spain,2017,109.24624255076
ESP,Spain,2018,114.944137538593
ESP,Spain,2019,119.631101435882
ESP,Spain,2020,122.307963057438
ESP,Spain,2021,124.165757943502
ESP,Spain,2022,124.856050907805
SWE,Sweden,1970,41.7669376574985
SWE,Sweden,1971,40.8432217062004
SWE,Sweden,1972,41.2451269982023
SWE,Sweden,1973,41.1367142978403
SWE,Sweden,1974,40.6590178822806
SWE,Sweden,1975,43.2372519728367
SWE,Sweden,1976,45.1140521432604
SWE,Sweden,1977,47.2022369362924
SWE,Sweden,1978,48.1642173648263
SWE,Sweden,1979,49.5295950262691
SWE,Sweden,1980,46.5263968340796
SWE,Sweden,1981,42.5158402969335
SWE,Sweden,1982,38.6609323513542
SWE,Sweden,1983,34.9753543068186
SWE,Sweden,1984,33.3875676631442
SWE,Sweden,1985,32.4633624594794
SWE,Sweden,1986,33.0003057488933
SWE,Sweden,1987,35.3510708034194
SWE,Sweden,1988,39.3542973770629
SWE,Sweden,1989,43.8045931148866
SWE,Sweden,1990,44.5910699836092
SWE,Sweden,1991,43.1102292388931
SWE,Sweden,1992,38.1779621310424
SWE,Sweden,1993,32.2037134909978
SWE,Sweden,1994,32.7874253564208
SWE,Sweden,1995,31.9197456251993
SWE,Sweden,1996,31.9096397206971
SWE,Sweden,1997,33.5592534440977
SWE,Sweden,1998,36.5861898871645
SWE,Sweden,1999,39.4552004542456
SWE,Sweden,2000,43.4917860486331
SWE,Sweden,2001,45.9714345340077
SWE,Sweden,2002,48.0840217381899
SWE,Sweden,2003,50.283083926344
SWE,Sweden,2004,54.7372800833868
SWE,Sweden,2005,59.13934158976
SWE,Sweden,2006,65.9575905012919
SWE,Sweden,2007,73.1783747440876
SWE,Sweden,2008,71.9453118738718
SWE,Sweden,2009,72.6884123840559
SWE,Sweden,2010,77.4655477943566
SWE,Sweden,2011,78.3894437690573
SWE,Sweden,2012,78.9223483660795
SWE,Sweden,2013,82.4384670253131
SWE,Sweden,2014,89.2763570486081
SWE,Sweden,2015,100.0
SWE,Sweden,2016,107.335971636889
SWE,Sweden,2017,112.435455226122
SWE,Sweden,2018,108.71403150041
SWE,Sweden,2019,109.117916877733
SWE,Sweden,2020,112.713708369533
SWE,Sweden,2021,121.948713087418
SWE,Sweden,2022,118.318927181077
CHE,Switzerland,1970,63.9039130512891
CHE,Switzerland,1971,68.4503101599363
CHE,Switzerland,1972,76.6180454831355
CHE,Switzerland,1973,82.9783721729959
CHE,Switzerland,1974,75.6616356097454
CHE,Switzerland,1975,65.4427522133003
CHE,Switzerland,1976,61.3312251489624
CHE,Switzerland,1977,61.0083654835771
CHE,Switzerland,1978,63.2881677862437
CHE,Switzerland,1979,65.6836959715483
CHE,Switzerland,1980,69.0448809934723
CHE,Switzerland,1981,71.7749552098232
CHE,Switzerland,1982,71.2399956847263
CHE,Switzerland,1983,71.7701965277308
CHE,Switzerland,1984,73.5554569906402
CHE,Switzerland,1985,75.1815575391001
CHE,Switzerland,1986,78.6519246378898
CHE,Switzerland,1987,83.3547123892416
CHE,Switzerland,1988,94.1563016238024
CHE,Switzerland,1989,102.923832056663
CHE,Switzerland,1990,97.587130662297
CHE,Switzerland,1991,91.1072138389946
CHE,Switzerland,1992,83.9153720318403
CHE,Switzerland,1993,77.5910915195318
CHE,Switzerland,1994,77.6071490791937
CHE,Switzerland,1995,73.5996310729656
CHE,Switzerland,1996,69.1713301297588
CHE,Switzerland,1997,66.2965562930693
CHE,Switzerland,1998,65.7120720912921
CHE,Switzerland,1999,65.496592213138
CHE,Switzerland,2000,64.8779058850294
CHE,Switzerland,2001,65.2030015849419
CHE,Switzerland,2002,65.4344897344271
CHE,Switzerland,2003,65.6266492568359
CHE,Switzerland,2004,67.6486489273467
CHE,Switzerland,2005,69.4235183118944
CHE,Switzerland,2006,72.6487767750379
CHE,Switzerland,2007,75.7420488560904
CHE,Switzerland,2008,77.1497634708608
CHE,Switzerland,2009,78.0058695519148
CHE,Switzerland,2010,79.896530101443
CHE,Switzerland,2011,85.3572157116911
CHE,Switzerland,2012,90.2878634288509
CHE,Switzerland,2013,93.3491749793855
CHE,Switzerland,2014,96.1347463368689
CHE,Switzerland,2015,100.0
CHE,Switzerland,2016,101.815509845237
CHE,Switzerland,2017,102.953164373596
CHE,Switzerland,2018,104.78405369968
CHE,Switzerland,2019,108.898024742516
CHE,Switzerland,2020,114.074952295136
CHE,Switzerland,2021,121.666353591161
CHE,Switzerland,2022,127.660793693872
TUR,Turkey,2010,83.6902029110071
TUR,Turkey,2011,83.2225614208174
TUR,Turkey,2012,84.300721882978
TUR,Turkey,2013,88.5111273748189
TUR,Turkey,2014,93.209611259773
TUR,Turkey,2015,100.0
TUR,Turkey,2016,106.769265067999
TUR,Turkey,2017,105.894423120746
TUR,Turkey,2018,99.9182027539365
TUR,Turkey,2019,91.2314144523515
TUR,Turkey,2020,99.0582996290759
TUR,Turkey,2021,112.330193260378
TUR,Turkey,2022,155.388007230783
GBR,United Kingdom,1969,22.6081225506973
GBR,United Kingdom,1970,22.5683431415079
GBR,United Kingdom,1971,23.2185410268418
GBR,United Kingdom,1972,28.9692747791437
GBR,United Kingdom,1973,36.5880045043006
GBR,United Kingdom,1974,33.4589479583225
GBR,United Kingdom,1975,28.6497688380688
GBR,United Kingdom,1976,26.6282193663588
GBR,United Kingdom,1977,24.7525825735068
GBR,United Kingdom,1978,26.1403955945143
GBR,United Kingdom,1979,29.7738731184818
GBR,United Kingdom,1980,30.8088214087451
GBR,United Kingdom,1981,28.9795281858559
GBR,United Kingdom,1982,27.2016265315896
GBR,United Kingdom,1983,28.7922912228772
GBR,United Kingdom,1984,30.0025687911486
GBR,United Kingdom,1985,31.1363460402202
GBR,United Kingdom,1986,34.2268230937321
GBR,United Kingdom,1987,38.6695835880933
GBR,United Kingdom,1988,47.5346560524707
GBR,United Kingdom,1989,53.8143215323015
GBR,United Kingdom,1990,49.9382682746635
GBR,United Kingdom,1991,45.1865693325373
GBR,United Kingdom,1992,41.9077089404175
GBR,United Kingdom,1993,40.3030295372617
GBR,United Kingdom,1994,40.7069791097338
GBR,United Kingdom,1995,39.7472916329022
GBR,United Kingdom,1996,39.7670473252375
GBR,United Kingdom,1997,42.3945829860222
GBR,United Kingdom,1998,46.5750562016439
GBR,United Kingdom,1999,51.3181514015739
GBR,United Kingdom,2000,58.7762713563867
GBR,United Kingdom,2001,63.0879985613826
GBR,United Kingdom,2002,72.8259038133815
GBR,United Kingdom,2003,83.1854976026142
GBR,United Kingdom,2004,91.367157670682
GBR,United Kingdom,2005,95.7842256194604
GBR,United Kingdom,2006,100.100605430932
GBR,United Kingdom,2007,108.211620038943
GBR,United Kingdom,2008,99.3677541097279
GBR,United Kingdom,2009,89.5662696090466
GBR,United Kingdom,2010,93.6170249608033
GBR,United Kingdom,2011,88.7411907728736
GBR,United Kingdom,2012,87.5988518713292
GBR,United Kingdom,2013,87.9693087702794
GBR,United Kingdom,2014,94.0268984880897
GBR,United Kingdom,2015,100.0
GBR,United Kingdom,2016,105.675274610144
GBR,United Kingdom,2017,108.640744499479
GBR,United Kingdom,2018,110.305052339387
GBR,United Kingdom,2019,109.522432677777
GBR,United Kingdom,2020,111.484580717949
GBR,United Kingdom,2021,118.445680989535
GBR,United Kingdom,2022,120.780807075782
USA,United States,1970,55.820952794275
USA,United States,1971,57.8671433483274
USA,United States,1972,59.9775029119699
USA,United States,1973,63.6537009372228
USA,United States,1974,62.9434860151711
USA,United States,1975,61.7427510343177
USA,United States,1976,62.1261385312009
USA,United States,1977,64.6549910708491
USA,United States,1978,68.5303725628032
USA,United States,1979,71.308361229633
USA,United States,1980,69.5105147289678
USA,United States,1981,67.2339306449744
USA,United States,1982,65.6200694318822
USA,United States,1983,65.2953070176763
USA,United States,1984,65.8433228221832
USA,United States,1985,67.4135909231629
USA,United States,1986,71.0881226243027
USA,United States,1987,74.3887807842609
USA,United States,1988,76.1463878827706
USA,United States,1989,77.1194406989863
USA,United States,1990,75.8028382974638
USA,United States,1991,74.0110194512485
USA,United States,1992,73.875903373667
USA,United States,1993,73.8054321396868
USA,United States,1994,74.7003468297743
USA,United States,1995,75.0331596742767
USA,United States,1996,75.5943183920042
USA,United States,1997,76.394406919951
USA,United States,1998,79.4399030625552
USA,United States,1999,83.0606637713735
USA,United States,2000,86.4152243321727
USA,United States,2001,90.5610668245134
USA,United States,2002,95.6578685837366
USA,United States,2003,100.859748475554
USA,United States,2004,107.69458501642
USA,United States,2005,115.633719502229
USA,United States,2006,119.039841227618
USA,United States,2007,115.984225510172
USA,United States,2008,103.424302676782
USA,United States,2009,97.4961345179769
USA,United States,2010,92.9427637952283
USA,United States,2011,86.7615913315566
USA,United States,2012,87.4822598366616
USA,United States,2013,92.2789664945091
USA,United States,2014,95.3202097741566
USA,United States,2015,100.0
USA,United States,2016,104.548218364797
USA,United States,2017,108.988294526643
USA,United States,2018,113.26710467231
USA,United States,2019,117.233578882862
USA,United States,2020,125.080054507983
USA,United States,2021,140.286272404738
USA,United States,2022,150.563522057964
BRA,Brazil,2008,156.930764565914
BRA,Brazil,2009,149.190479200972
BRA,Brazil,2010,141.111937421769
BRA,Brazil,2011,132.437746354876
BRA,Brazil,2012,123.037968918299
BRA,Brazil,2013,115.732762146509
BRA,Brazil,2014,107.941163717337
BRA,Brazil,2015,100.0
BRA,Brazil,2016,92.0643008843055
BRA,Brazil,2017,90.0233750642941
BRA,Brazil,2018,87.2285808988501
BRA,Brazil,2019,84.8447066373413
BRA,Brazil,2020,81.5869995342001
BRA,Brazil,2021,75.7563748518895
BRA,Brazil,2022,69.1119903433808
CHL,Chile,2002,54.9944266601798
CHL,Chile,2003,56.0254325047118
CHL,Chile,2004,59.173230449595
CHL,Chile,2005,60.406663805962
CHL,Chile,2006,62.0163988221914
CHL,Chile,2007,64.6249297406651
CHL,Chile,2008,65.1915714800994
CHL,Chile,2009,66.7521775446158
CHL,Chile,2010,69.7036273480788
CHL,Chile,2011,75.7866216855833
CHL,Chile,2012,81.6027952371823
CHL,Chile,2013,87.5740874190947
CHL,Chile,2014,93.4381036985656
CHL,Chile,2015,100.0
CHL,Chile,2016,102.832238751785
CHL,Chile,2017,108.518553122796
CHL,Chile,2018,117.381336455503
CHL,Chile,2019,125.008693927064
CHL,Chile,2020,126.698046037836
CHL,Chile,2021,135.987343906631
CHL,Chile,2022,132.596332789255
CHN,China,2010,96.8817077051312
CHN,China,2011,99.006188277379
CHN,China,2012,95.6749221068637
CHN,China,2013,99.9807924821877
CHN,China,2014,102.703575161252
CHN,China,2015,100.0
CHN,China,2016,109.877583204558
CHN,China,2017,122.489164431902
CHN,China,2018,127.065208213867
CHN,China,2019,128.317110598868
CHN,China,2020,129.746764181742
CHN,China,2021,133.564386540973
CHN,China,2022,132.234237309774
COL,Colombia,1988,70.7167440708923
COL,Colombia,1989,74.8761974128767
COL,Colombia,1990,73.4859574694475
COL,Colombia,1991,67.9572904620279
COL,Colombia,1992,63.9714356975889
COL,Colombia,1993,64.7276723692631
COL,Colombia,1994,72.8587616507244
COL,Colombia,1995,79.4533263923459
COL,Colombia,1996,80.3176388092883
COL,Colombia,1997,75.7803359490474
COL,Colombia,1998,71.7701769278974
COL,Colombia,1999,63.2119105580623
COL,Colombia,2000,57.9260283533457
COL,Colombia,2001,56.0930061853005
COL,Colombia,2002,53.1106496920804
COL,Colombia,2003,51.0526633848262
COL,Colombia,2004,52.8442518826661
COL,Colombia,2005,55.0838319525583
COL,Colombia,2006,58.903195708267
COL,Colombia,2007,65.4370530139183
COL,Colombia,2008,72.135731852736
COL,Colombia,2009,75.9566356822469
COL,Colombia,2010,79.777844799912
COL,Colombia,2011,81.5981210241013
COL,Colombia,2012,86.9156855436438
COL,Colombia,2013,93.1864817122044
COL,Colombia,2014,97.5196731105418
COL,Colombia,2015,100.0
COL,Colombia,2016,103.555748423961
COL,Colombia,2017,106.714011585434
COL,Colombia,2018,108.915455969347
COL,Colombia,2019,110.716373044786
COL,Colombia,2020,111.202115538623
COL,Colombia,2021,110.706161015996
EST,Estonia,2005,84.1477053084849
EST,Estonia,2006,119.290667795401
EST,Estonia,2007,133.701566690428
EST,Estonia,2008,112.057091925219
EST,Estonia,2009,71.0739228197508
EST,Estonia,2010,72.0135199363757
EST,Estonia,2011,74.4180897872206
EST,Estonia,2012,76.8192871570033
EST,Estonia,2013,82.4686584786577
EST,Estonia,2014,93.2080001952724
EST,Estonia,2015,100.0
EST,Estonia,2016,103.383829342333
EST,Estonia,2017,104.648876259
EST,Estonia,2018,107.15562263816
EST,Estonia,2019,111.500944939584
EST,Estonia,2020,119.283559122361
EST,Estonia,2021,131.949915028679
EST,Estonia,2022,138.121821185684
IND,India,2009,57.5565345284828
IND,India,2010,62.8766161071543
IND,India,2011,69.3434896367648
IND,India,2012,79.3803585347284
IND,India,2013,84.407528189969
IND,India,2014,91.2714151985082
IND,India,2015,100.0
IND,India,2016,102.546720065922
IND,India,2017,107.51601218868
IND,India,2018,108.891174420242
IND,India,2019,108.518261187688
IND,India,2020,106.575763482838
IND,India,2021,103.636612366923
IND,India,2022,99.0340217057931
IDN,Indonesia,2002,156.249337002202
IDN,Indonesia,2003,154.225730990402
IDN,Indonesia,2004,150.644035494249
IDN,Indonesia,2005,140.241655516379
IDN,Indonesia,2006,129.759399892507
IDN,Indonesia,2007,116.154452278081
IDN,Indonesia,2008,104.773024904567
IDN,Indonesia,2009,100.656673100613
IDN,Indonesia,2010,96.1607339204561
IDN,Indonesia,2011,93.9421526057164
IDN,Indonesia,2012,92.4959854172537
IDN,Indonesia,2013,97.8996992031602
IDN,Indonesia,2014,99.08613394537
IDN,Indonesia,2015,100.0
IDN,Indonesia,2016,100.059533735922
IDN,Indonesia,2017,99.8346346485338
IDN,Indonesia,2018,99.7886764327758
IDN,Indonesia,2019,98.5182658329353
IDN,Indonesia,2020,98.1135219182944
IDN,Indonesia,2021,97.8347763369576
ISR,Israel,1994,65.0302114645504
ISR,Israel,1995,67.8994879587909
ISR,Israel,1996,73.373517800277
ISR,Israel,1997,75.3236705163369
ISR,Israel,1998,74.069087652129
ISR,Israel,1999,73.1530964343729
ISR,Israel,2000,68.460135142521
ISR,Israel,2001,65.6291139568456
ISR,Israel,2002,66.1885554906312
ISR,Israel,2003,62.2702622998086
ISR,Israel,2004,61.5002437054523
ISR,Israel,2005,60.6698171397062
ISR,Israel,2006,59.5938047628805
ISR,Israel,2007,57.9626014098378
ISR,Israel,2008,59.7420652864721
ISR,Israel,2009,66.2712505928715
ISR,Israel,2010,76.0588303188485
ISR,Israel,2011,81.5543133430856
ISR,Israel,2012,82.6493733340565
ISR,Israel,2013,88.579686172966
ISR,Israel,2014,93.9441908933561
ISR,Israel,2015,100.0
ISR,Israel,2016,108.324879586274
ISR,Israel,2017,112.328148390253
ISR,Israel,2018,110.543773110476
ISR,Israel,2019,111.885018646687
ISR,Israel,2020,115.76203713232
ISR,Israel,2021,123.859364208876
ISR,Israel,2022,139.463097134608
LVA,Latvia,2006,138.135166973051
LVA,Latvia,2007,168.516980202634
LVA,Latvia,2008,150.468017589174
LVA,Latvia,2009,97.6784709982824
LVA,Latvia,2010,89.158669066811
LVA,Latvia,2011,92.6991280196639
LVA,Latvia,2012,92.4524544288468
LVA,Latvia,2013,98.3396372986543
LVA,Latvia,2014,102.910222055713
LVA,Latvia,2015,100.0
LVA,Latvia,2016,107.209707400771
LVA,Latvia,2017,112.955892862718
LVA,Latvia,2018,120.14501424411
LVA,Latvia,2019,127.054979672645
LVA,Latvia,2020,130.537092129198
LVA,Latvia,2021,139.956691488382
LVA,Latvia,2022,139.831995316675
LTU,Lithuania,2006,125.889668978362
LTU,Lithuania,2007,150.368213416859
LTU,Lithuania,2008,147.800852720045
LTU,Lithuania,2009,99.1648877665382
LTU,Lithuania,2010,90.4902455376379
LTU,Lithuania,2011,92.4517876291759
LTU,Lithuania,2012,89.440472106507
LTU,Lithuania,2013,89.7491937722817
LTU,Lithuania,2014,95.5195752123802
LTU,Lithuania,2015,100.0
LTU,Lithuania,2016,104.40856478253
LTU,Lithuania,2017,109.858706057696
LTU,Lithuania,2018,114.847632078832
LTU,Lithuania,2019,120.01555414412
LTU,Lithuania,2020,127.341171891457
LTU,Lithuania,2021,141.253899467323
LTU,Lithuania,2022,141.529063039349
RUS,Russia,2001,72.9226567102835
RUS,Russia,2002,79.1800836256952
RUS,Russia,2003,87.8482142912302
RUS,Russia,2004,98.6828306965795
RUS,Russia,2005,105.998198690206
RUS,Russia,2006,128.961292355568
RUS,Russia,2007,166.459766723907
RUS,Russia,2008,173.890205737297
RUS,Russia,2009,149.723640944736
RUS,Russia,2010,138.231590076565
RUS,Russia,2011,113.233251595767
RUS,Russia,2012,115.568550925482
RUS,Russia,2013,116.606548708497
RUS,Russia,2014,111.449506557249
RUS,Russia,2015,100.0
RUS,Russia,2016,96.207763788432
RUS,Russia,2017,99.0281886159683
RUS,Russia,2018,102.29694311469
RUS,Russia,2019,101.233247448036
RUS,Russia,2020,117.040630811884
RUS,Russia,2021,130.124496041227
RUS,Russia,2022,148.246846829998
SVN,Slovenia,2007,136.626731809526
SVN,Slovenia,2008,138.461027405761
SVN,Slovenia,2009,124.29463013314
SVN,Slovenia,2010,122.66510960847
SVN,Slovenia,2011,123.797131167343
SVN,Slovenia,2012,113.318084907466
SVN,Slovenia,2013,105.139247073017
SVN,Slovenia,2014,98.6098279054795
SVN,Slovenia,2015,100.0
SVN,Slovenia,2016,103.631666572696
SVN,Slovenia,2017,110.485570329999
SVN,Slovenia,2018,117.807737209936
SVN,Slovenia,2019,124.052457601324
SVN,Slovenia,2020,130.479580470346
SVN,Slovenia,2021,140.769124682728
SVN,Slovenia,2022,144.641382745916
ZAF,South Africa,1966,74.6956042541445
ZAF,South Africa,1967,85.8262026024639
ZAF,South Africa,1968,89.165126974094
ZAF,South Africa,1969,94.3585905948625
ZAF,South Africa,1970,103.340716891325
ZAF,South Africa,1971,103.152859942442
ZAF,South Africa,1972,100.889282234593
ZAF,South Africa,1973,105.371445727336
ZAF,South Africa,1974,104.503293146789
ZAF,South Africa,1975,96.3428734839748
ZAF,South Africa,1976,92.2828374136966
ZAF,South Africa,1977,83.4656236411116
ZAF,South Africa,1978,79.9698123918359
ZAF,South Africa,1979,79.6857247907948
ZAF,South Africa,1980,84.1317342629525
ZAF,South Africa,1981,100.354437125671
ZAF,South Africa,1982,104.952108136832
ZAF,South Africa,1983,111.76721857578
ZAF,South Africa,1984,109.353488900395
ZAF,South Africa,1985,86.3949073964242
ZAF,South Africa,1986,69.5230468684485
ZAF,South Africa,1987,66.2763107545803
ZAF,South Africa,1988,66.3279655609829
ZAF,South Africa,1989,65.4662991964902
ZAF,South Africa,1990,64.0340076798629
ZAF,South Africa,1991,62.3623224795995
ZAF,South Africa,1992,56.5976769795703
ZAF,South Africa,1993,54.0090351075627
ZAF,South Africa,1994,54.1441485241015
ZAF,South Africa,1995,53.8284450894847
ZAF,South Africa,1996,51.9590624888907
ZAF,South Africa,1997,51.9429776275293
ZAF,South Africa,1998,55.2072827621109
ZAF,South Africa,1999,53.452303891991
ZAF,South Africa,2000,55.4443055911498
ZAF,South Africa,2001,54.6132758411743
ZAF,South Africa,2002,57.0287110675551
ZAF,South Africa,2003,64.7462727562524
ZAF,South Africa,2004,80.6537284079476
ZAF,South Africa,2005,99.1542753108525
ZAF,South Africa,2006,112.494798471692
ZAF,South Africa,2007,120.464906051949
ZAF,South Africa,2008,109.351494575699
ZAF,South Africa,2009,99.4509617367218
ZAF,South Africa,2010,99.6736713298175
ZAF,South Africa,2011,97.4354675949901
ZAF,South Africa,2012,96.5179629166891
ZAF,South Africa,2013,96.8279036046478
ZAF,South Africa,2014,98.5240895985297
ZAF,South Africa,2015,100.0
ZAF,South Africa,2016,99.3950493791865
ZAF,South Africa,2017,99.1724877972029
ZAF,South Africa,2018,99.0381814673305
ZAF,South Africa,2019,98.8170049575973
ZAF,South Africa,2020,98.4538474209484
ZAF,South Africa,2021,98.4485661996945
ZAF,South Africa,2022,95.2781903883132
EA,,1980,71.2282196587936
EA,,1981,72.987440833558
EA,,1982,68.3892487832129
EA,,1983,66.8294643749074
EA,,1984,63.7939297983947
EA,,1985,61.8434293899815
EA,,1986,62.6115581478046
EA,,1987,66.4009290399741
EA,,1988,70.660024006432
EA,,1989,75.652586240722
EA,,1990,80.5704226032568
EA,,1991,83.3257154864714
EA,,1992,83.3816888282017
EA,,1993,82.0396682138286
EA,,1994,81.4052486146871
EA,,1995,80.3087275291519
EA,,1996,80.4318864086768
EA,,1997,80.4391123548847
EA,,1998,81.4076614235735
EA,,1999,84.0418120754948
EA,,2000,86.5357781272303
EA,,2001,88.6707852455279
EA,,2002,92.6633066081217
EA,,2003,95.9953475846588
EA,,2004,100.289745846884
EA,,2005,105.197171612349
EA,,2006,110.123548072423
EA,,2007,112.585884119714
EA,,2008,111.052271746879
EA,,2009,108.235020976305
EA,,2010,107.568053703375
EA,,2011,106.373841419511
EA,,2012,102.257403989923
EA,,2013,99.0454621681917
EA,,2014,98.8001525686495
EA,,2015,100.0
EA,,2016,103.54175263293
EA,,2017,106.644388466892
EA,,2018,110.062147053727
EA,,2019,113.577693997669
EA,,2020,118.788206036431
EA,,2021,125.415979734939
EA,,2022,125.955117534907
EA17,,1970,57.4215735781724
EA17,,1971,57.5142637090296
EA17,,1972,58.5555002877812
EA17,,1973,59.8062319727864
EA17,,1974,66.0492493825655
EA17,,1975,64.2019262438195
EA17,,1976,66.2502231798747
EA17,,1977,69.6096843269963
EA17,,1978,72.7116613399581
EA17,,1979,73.7564562856595
EA17,,1980,73.7010079949183
EA17,,1981,74.9831217329073
EA17,,1982,70.7626772142613
EA17,,1983,67.8752984896682
EA17,,1984,63.9600341148151
EA17,,1985,61.8336183463202
EA17,,1986,62.9841295656746
EA17,,1987,66.612149189998
EA17,,1988,70.4142873017635
EA17,,1989,76.4863281402104
EA17,,1990,81.6445416851541
EA17,,1991,83.3853818324186
EA17,,1992,82.6832349434848
EA17,,1993,81.2433859660954
EA17,,1994,80.4967535133673
EA17,,1995,79.0207512885682
EA17,,1996,77.3987452596302
EA17,,1997,76.4103813322087
EA17,,1998,77.9284697752319
EA17,,1999,81.3380103291343
EA17,,2000,84.6272941561983
EA17,,2001,87.364630779395
EA17,,2002,91.1111114048151
EA17,,2003,95.9827978905079
EA17,,2004,100.987576384871
EA17,,2005,106.992492963052
EA17,,2006,111.788069951553
EA17,,2007,114.098351728699
EA17,,2008,112.065896133484
EA17,,2009,108.474611088955
EA17,,2010,107.863657941379
EA17,,2011,106.6937767733
EA17,,2012,102.476811588173
EA17,,2013,99.1861178490753
EA17,,2014,98.886997791145
EA17,,2015,100.0
EA17,,2016,103.53900271665
EA17,,2017,106.557401562648
EA17,,2018,109.949168414463
EA17,,2019,113.360249050679
EA17,,2020,118.64282296854
EA17,,2021,125.356617162907
EA17,,2022,125.722376025206
OECD,,1970,52.6960492406514
OECD,,1971,54.2835166232024
OECD,,1972,57.2796653732699
OECD,,1973,62.0020671354485
OECD,,1974,63.272029330725
OECD,,1975,60.3060888076309
OECD,,1976,60.2247590274811
OECD,,1977,61.5240936979947
OECD,,1978,64.0548883762683
OECD,,1979,66.5159383192614
OECD,,1980,66.5118937964888
OECD,,1981,66.4045282069489
OECD,,1982,64.264826362574
OECD,,1983,63.7355873108834
OECD,,1984,63.0267497577341
OECD,,1985,63.3410079059447
OECD,,1986,66.0352094366838
OECD,,1987,69.874652932632
OECD,,1988,74.0989432547142
OECD,,1989,78.3381179681402
OECD,,1990,79.9458167116091
OECD,,1991,79.2090896723754
OECD,,1992,77.3779170798097
OECD,,1993,75.7736249401662
OECD,,1994,75.7284002523517
OECD,,1995,74.9822236378637
OECD,,1996,74.4215178165302
OECD,,1997,74.4961239979412
OECD,,1998,76.0010257492514
OECD,,1999,78.5106369169006
OECD,,2000,81.094057384308
OECD,,2001,83.5822459558335
OECD,,2002,87.56087569171
OECD,,2003,91.5374965162583
OECD,,2004,95.6558352784135
OECD,,2005,100.204707826116
OECD,,2006,103.997826535405
OECD,,2007,105.845412210031
OECD,,2008,100.84665093162
OECD,,2009,96.8147499719996
OECD,,2010,95.9917105055008
OECD,,2011,93.5342724004982
OECD,,2012,92.733397823499
OECD,,2013,94.309411779162
OECD,,2014,96.2785561594666
OECD,,2015,100.0
OECD,,2016,104.151944858249
OECD,,2017,107.682114504561
OECD,,2018,110.462378503315
OECD,,2019,112.841572450149
OECD,,2020,118.092415402015
OECD,,2021,128.183870941273
OECD,,2022,134.282010319385
BGR,Bulgaria,2005,105.799615374206
BGR,Bulgaria,2006,118.735396566583
BGR,Bulgaria,2007,140.562384648656
BGR,Bulgaria,2008,165.398834641807
BGR,Bulgaria,2009,130.821626944974
BGR,Bulgaria,2010,115.466083346061
BGR,Bulgaria,2011,105.200623674583
BGR,Bulgaria,2012,100.306839760821
BGR,Bulgaria,2013,99.51579233184
BGR,Bulgaria,2014,99.5990064220835
BGR,Bulgaria,2015,100.0
BGR,Bulgaria,2016,105.241653557684
BGR,Bulgaria,2017,109.358746855987
BGR,Bulgaria,2018,113.790128925935
BGR,Bulgaria,2019,118.298399924705
BGR,Bulgaria,2020,124.687369100939
BGR,Bulgaria,2021,127.544665880167
BGR,Bulgaria,2022,124.669812426994
ROU,Romania,2009,159.295688040846
ROU,Romania,2010,134.759620152499
ROU,Romania,2011,113.512758019722
ROU,Romania,2012,103.418638721883
ROU,Romania,2013,101.659080050468
ROU,Romania,2014,98.3776532231841
ROU,Romania,2015,100.0
ROU,Romania,2016,105.237185284407
ROU,Romania,2017,108.73293587137
ROU,Romania,2018,110.550137577455
ROU,Romania,2019,108.494528745763
ROU,Romania,2020,111.021903563543
ROU,Romania,2021,110.229956893169
ROU,Romania,2022,103.393839674184
SAU,Saudi Arabia,2014,103.017023128527
SAU,Saudi Arabia,2015,100.0
SAU,Saudi Arabia,2016,91.6397225541778
SAU,Saudi Arabia,2017,86.1659568993637
SAU,Saudi Arabia,2018,81.1954625770074
SAU,Saudi Arabia,2019,79.0964939761621
SAU,Saudi Arabia,2020,76.9461275656154
SAU,Saudi Arabia,2021,74.8778298443024
SAU,Saudi Arabia,2022,74.7376433308255
HRV,Croatia,2005,103.818954529508
HRV,Croatia,2006,118.001811565742
HRV,Croatia,2007,128.521141286284
HRV,Croatia,2008,138.575429276327
HRV,Croatia,2009,127.6414739007
HRV,Croatia,2010,117.915812298931
HRV,Croatia,2011,115.605530366461
HRV,Croatia,2012,110.331013372922
HRV,Croatia,2013,103.953961118032
HRV,Croatia,2014,102.651140459176
HRV,Croatia,2015,100.0
HRV,Croatia,2016,102.017462895723
HRV,Croatia,2017,104.998246966437
HRV,Croatia,2018,109.843593774122
HRV,Croatia,2019,118.367701923773
HRV,Croatia,2020,126.745063448053
HRV,Croatia,2021,132.870890817492
HRV,Croatia,2022,137.648399668735
